-- MySQL dump 10.13  Distrib 5.7.28, for Linux (x86_64)
--
-- Host: 127.0.0.1    Database: skyneb
-- ------------------------------------------------------
-- Server version	8.0.18

/*!40101 SET @OLD_CHARACTER_SET_CLIENT=@@CHARACTER_SET_CLIENT */;
/*!40101 SET @OLD_CHARACTER_SET_RESULTS=@@CHARACTER_SET_RESULTS */;
/*!40101 SET @OLD_COLLATION_CONNECTION=@@COLLATION_CONNECTION */;
/*!40101 SET NAMES utf8 */;
/*!40103 SET @OLD_TIME_ZONE=@@TIME_ZONE */;
/*!40103 SET TIME_ZONE='+00:00' */;
/*!40014 SET @OLD_UNIQUE_CHECKS=@@UNIQUE_CHECKS, UNIQUE_CHECKS=0 */;
/*!40014 SET @OLD_FOREIGN_KEY_CHECKS=@@FOREIGN_KEY_CHECKS, FOREIGN_KEY_CHECKS=0 */;
/*!40101 SET @OLD_SQL_MODE=@@SQL_MODE, SQL_MODE='NO_AUTO_VALUE_ON_ZERO' */;
/*!40111 SET @OLD_SQL_NOTES=@@SQL_NOTES, SQL_NOTES=0 */;

--
-- Table structure for table `buys`
--

DROP TABLE IF EXISTS `buys`;
/*!40101 SET @saved_cs_client     = @@character_set_client */;
/*!40101 SET character_set_client = utf8 */;
CREATE TABLE `buys` (
  `id` int(11) NOT NULL AUTO_INCREMENT,
  `amount` int(11) DEFAULT NULL,
  `fee` decimal(12,8) DEFAULT NULL,
  `currency_id` int(11) DEFAULT NULL,
  `user_id` int(11) DEFAULT NULL,
  `updated` datetime DEFAULT NULL,
  `created` datetime DEFAULT NULL,
  `confirm` tinyint(1) DEFAULT '0',
  PRIMARY KEY (`id`),
  KEY `buys___fk_currency` (`currency_id`),
  KEY `buys_users_id_fk` (`user_id`),
  CONSTRAINT `buys___fk_currency` FOREIGN KEY (`currency_id`) REFERENCES `currencies` (`id`),
  CONSTRAINT `buys_users_id_fk` FOREIGN KEY (`user_id`) REFERENCES `users` (`id`)
) ENGINE=InnoDB AUTO_INCREMENT=52 DEFAULT CHARSET=utf8mb4 COLLATE=utf8mb4_0900_ai_ci;
/*!40101 SET character_set_client = @saved_cs_client */;

--
-- Dumping data for table `buys`
--

LOCK TABLES `buys` WRITE;
/*!40000 ALTER TABLE `buys` DISABLE KEYS */;
INSERT INTO `buys` (`id`, `amount`, `fee`, `currency_id`, `user_id`, `updated`, `created`, `confirm`) VALUES (3,42,44.00000000,1,88,'2020-09-16 11:25:40',NULL,1),(4,NULL,NULL,NULL,88,'2020-09-16 11:24:11','2020-09-16 11:24:11',0),(5,NULL,NULL,NULL,88,'2020-09-16 11:25:40','2020-09-16 11:25:40',0),(33,NULL,NULL,NULL,111,'2020-09-17 01:31:41','2020-09-17 01:31:41',0),(34,NULL,NULL,NULL,111,'2020-09-17 01:31:50','2020-09-17 01:31:50',0),(35,NULL,NULL,NULL,111,'2020-09-17 01:32:20','2020-09-17 01:32:20',0),(36,NULL,NULL,NULL,111,'2020-09-17 01:34:38','2020-09-17 01:34:38',0),(37,3,33.00000000,1,111,'2020-09-17 02:04:31','2020-09-17 02:04:31',0),(38,44,44.00000000,1,111,'2020-09-17 02:08:14','2020-09-17 02:08:14',0),(39,44,44.00000000,1,111,'2020-09-17 02:13:35','2020-09-17 02:13:35',0),(40,44,44.00000000,1,111,'2020-09-17 02:15:14','2020-09-17 02:15:14',0),(41,44,44.00000000,1,111,'2020-09-17 02:15:19','2020-09-17 02:15:19',0),(42,44,44.00000000,1,111,'2020-09-17 02:15:20','2020-09-17 02:15:20',0),(43,44,44.00000000,1,111,'2020-09-17 02:15:26','2020-09-17 02:15:26',0),(44,44,44.00000000,1,111,'2020-09-17 02:15:26','2020-09-17 02:15:26',0),(45,44,44.00000000,1,111,'2020-09-17 02:15:26','2020-09-17 02:15:26',0),(46,44,44.00000000,1,111,'2020-09-17 02:15:27','2020-09-17 02:15:27',0),(47,44,44.00000000,1,111,'2020-09-17 02:15:27','2020-09-17 02:15:27',0),(48,2,11.00000000,2,111,'2020-09-17 04:00:10','2020-09-17 04:00:10',0),(49,2,1.00000000,2,111,'2020-09-17 04:00:32','2020-09-17 04:00:32',0),(50,2,1.00000000,2,111,'2020-09-17 04:00:39','2020-09-17 04:00:39',0),(51,5,8.00000000,1,111,'2020-09-17 04:02:30','2020-09-17 04:02:30',0);
/*!40000 ALTER TABLE `buys` ENABLE KEYS */;
UNLOCK TABLES;

--
-- Table structure for table `currencies`
--

DROP TABLE IF EXISTS `currencies`;
/*!40101 SET @saved_cs_client     = @@character_set_client */;
/*!40101 SET character_set_client = utf8 */;
CREATE TABLE `currencies` (
  `id` int(11) NOT NULL AUTO_INCREMENT,
  `currency` varchar(128) DEFAULT NULL,
  `title` varchar(128) DEFAULT NULL,
  PRIMARY KEY (`id`)
) ENGINE=InnoDB AUTO_INCREMENT=8 DEFAULT CHARSET=utf8mb4 COLLATE=utf8mb4_0900_ai_ci;
/*!40101 SET character_set_client = @saved_cs_client */;

--
-- Dumping data for table `currencies`
--

LOCK TABLES `currencies` WRITE;
/*!40000 ALTER TABLE `currencies` DISABLE KEYS */;
INSERT INTO `currencies` (`id`, `currency`, `title`) VALUES (1,'USD','USD'),(2,'ETH','Ethereum'),(3,'TRY','TRY'),(4,'XRP','xrp'),(5,'IOTA','Iota'),(6,'EURO','euro'),(7,'ETC','ETC');
/*!40000 ALTER TABLE `currencies` ENABLE KEYS */;
UNLOCK TABLES;

--
-- Table structure for table `deposits`
--

DROP TABLE IF EXISTS `deposits`;
/*!40101 SET @saved_cs_client     = @@character_set_client */;
/*!40101 SET character_set_client = utf8 */;
CREATE TABLE `deposits` (
  `id` int(11) NOT NULL AUTO_INCREMENT,
  `currency_id` int(11) DEFAULT NULL,
  `balance` decimal(12,8) DEFAULT NULL,
  `updated` datetime DEFAULT NULL,
  `created` datetime DEFAULT NULL,
  `user_id` int(11) DEFAULT NULL,
  PRIMARY KEY (`id`),
  KEY `deposits___fk_currency` (`currency_id`),
  KEY `deposits_users_id_fk` (`user_id`),
  CONSTRAINT `deposits___fk_currency` FOREIGN KEY (`currency_id`) REFERENCES `currencies` (`id`),
  CONSTRAINT `deposits_users_id_fk` FOREIGN KEY (`user_id`) REFERENCES `users` (`id`)
) ENGINE=InnoDB AUTO_INCREMENT=145 DEFAULT CHARSET=utf8mb4 COLLATE=utf8mb4_0900_ai_ci;
/*!40101 SET character_set_client = @saved_cs_client */;

--
-- Dumping data for table `deposits`
--

LOCK TABLES `deposits` WRITE;
/*!40000 ALTER TABLE `deposits` DISABLE KEYS */;
INSERT INTO `deposits` (`id`, `currency_id`, `balance`, `updated`, `created`, `user_id`) VALUES (1,1,-64.00000000,'2020-09-16 12:05:26','2020-09-16 12:05:26',88),(2,2,1.00000000,'2020-09-16 12:05:26','2020-09-16 12:05:26',88),(3,2,-1.00000000,'2020-09-16 12:05:26','2020-09-16 12:05:26',NULL),(4,1,1.00000000,'2020-09-16 12:05:26','2020-09-16 12:05:26',NULL),(5,1,-256.00000000,'2020-09-16 12:05:27','2020-09-16 12:05:27',88),(6,2,4.00000000,'2020-09-16 12:05:27','2020-09-16 12:05:27',88),(7,2,-4.00000000,'2020-09-16 12:05:27','2020-09-16 12:05:27',88),(8,1,256.00000000,'2020-09-16 12:05:27','2020-09-16 12:05:27',88),(9,1,-640.00000000,'2020-09-16 12:06:13','2020-09-16 12:06:13',88),(10,2,10.00000000,'2020-09-16 12:06:13','2020-09-16 12:06:13',88),(11,2,-10.00000000,'2020-09-16 12:06:13','2020-09-16 12:06:13',88),(12,1,640.00000000,'2020-09-16 12:06:13','2020-09-16 12:06:13',88),(13,1,-640.00000000,'2020-09-16 12:06:21','2020-09-16 12:06:21',88),(14,2,10.00000000,'2020-09-16 12:06:21','2020-09-16 12:06:21',88),(15,2,-10.00000000,'2020-09-16 12:06:21','2020-09-16 12:06:21',88),(16,1,640.00000000,'2020-09-16 12:06:21','2020-09-16 12:06:21',88),(17,1,-640.00000000,'2020-09-16 12:06:46','2020-09-16 12:06:46',88),(18,2,10.00000000,'2020-09-16 12:06:46','2020-09-16 12:06:46',88),(19,2,-10.00000000,'2020-09-16 12:06:46','2020-09-16 12:06:46',88),(20,1,640.00000000,'2020-09-16 12:06:46','2020-09-16 12:06:46',88),(21,1,-576.00000000,'2020-09-16 12:06:54','2020-09-16 12:06:54',88),(22,2,9.00000000,'2020-09-16 12:06:54','2020-09-16 12:06:54',88),(23,2,-9.00000000,'2020-09-16 12:06:54','2020-09-16 12:06:54',88),(24,1,576.00000000,'2020-09-16 12:06:54','2020-09-16 12:06:54',88),(25,NULL,NULL,'2020-09-16 13:07:01','2020-09-16 13:07:01',NULL),(26,1,1000.00000000,'2020-09-16 13:08:05','2020-09-16 13:08:05',92),(27,1,1000.00000000,'2020-09-16 13:08:22','2020-09-16 13:08:22',93),(28,1,-640.00000000,'2020-09-16 15:41:13','2020-09-16 15:41:13',88),(29,2,10.00000000,'2020-09-16 15:41:13','2020-09-16 15:41:13',88),(30,2,-10.00000000,'2020-09-16 15:41:13','2020-09-16 15:41:13',88),(31,1,640.00000000,'2020-09-16 15:41:13','2020-09-16 15:41:13',88),(32,1,1000.00000000,'2020-09-16 20:02:01','2020-09-16 20:02:01',94),(33,1,1000.00000000,'2020-09-16 20:03:33','2020-09-16 20:03:33',95),(34,1,1000.00000000,'2020-09-16 20:29:22','2020-09-16 20:29:22',96),(35,1,1000.00000000,'2020-09-16 20:30:05','2020-09-16 20:30:05',97),(36,1,1000.00000000,'2020-09-16 20:44:07','2020-09-16 20:44:07',98),(37,1,1000.00000000,'2020-09-16 20:44:59','2020-09-16 20:44:59',99),(38,1,1000.00000000,'2020-09-16 20:45:26','2020-09-16 20:45:26',100),(39,1,1000.00000000,'2020-09-16 21:23:17','2020-09-16 21:23:17',101),(40,1,1000.00000000,'2020-09-16 21:26:09','2020-09-16 21:26:09',102),(41,1,1000.00000000,'2020-09-16 21:28:01','2020-09-16 21:28:01',103),(42,1,1000.00000000,'2020-09-16 21:36:09','2020-09-16 21:36:09',104),(43,1,1000.00000000,'2020-09-16 21:36:57','2020-09-16 21:36:57',105),(44,1,1000.00000000,'2020-09-16 21:37:34','2020-09-16 21:37:34',106),(45,1,1000.00000000,'2020-09-16 21:38:40','2020-09-16 21:38:40',107),(46,1,1000.00000000,'2020-09-16 21:39:31','2020-09-16 21:39:31',108),(47,1,1000.00000000,'2020-09-16 21:56:39','2020-09-16 21:56:39',109),(48,1,1000.00000000,'2020-09-16 22:03:09','2020-09-16 22:03:09',110),(49,1,1000.00000000,'2020-09-17 00:15:42','2020-09-17 00:15:42',111),(50,2,1000.00000000,'2020-09-17 00:15:43','2020-09-17 00:15:43',111),(51,3,1000.00000000,'2020-09-17 00:15:44','2020-09-17 00:15:44',111),(52,4,1000.00000000,'2020-09-17 00:15:44','2020-09-17 00:15:44',111),(53,1,-128.00000000,'2020-09-17 01:44:44','2020-09-17 01:44:44',88),(54,2,2.00000000,'2020-09-17 01:44:45','2020-09-17 01:44:45',88),(55,2,-2.00000000,'2020-09-17 01:44:45','2020-09-17 01:44:45',111),(56,1,4.00000000,'2020-09-17 01:44:45','2020-09-17 01:44:45',111),(57,1,-128.00000000,'2020-09-17 01:47:46','2020-09-17 01:47:46',88),(58,2,2.00000000,'2020-09-17 01:47:46','2020-09-17 01:47:46',88),(59,2,-2.00000000,'2020-09-17 01:47:46','2020-09-17 01:47:46',111),(60,1,4.00000000,'2020-09-17 01:47:46','2020-09-17 01:47:46',111),(61,1,-128.00000000,'2020-09-17 01:48:31','2020-09-17 01:48:31',88),(62,2,2.00000000,'2020-09-17 01:48:32','2020-09-17 01:48:32',88),(63,2,-2.00000000,'2020-09-17 01:48:32','2020-09-17 01:48:32',111),(64,1,4.00000000,'2020-09-17 01:48:32','2020-09-17 01:48:32',111),(65,1,0.00000000,'2020-09-17 01:54:12','2020-09-17 01:54:12',88),(66,2,NULL,'2020-09-17 01:54:12','2020-09-17 01:54:12',88),(67,2,0.00000000,'2020-09-17 01:54:13','2020-09-17 01:54:13',111),(68,1,0.00000000,'2020-09-17 01:54:13','2020-09-17 01:54:13',111),(69,1,0.00000000,'2020-09-17 01:54:19','2020-09-17 01:54:19',88),(70,2,NULL,'2020-09-17 01:54:19','2020-09-17 01:54:19',88),(71,2,0.00000000,'2020-09-17 01:54:19','2020-09-17 01:54:19',111),(72,1,0.00000000,'2020-09-17 01:54:19','2020-09-17 01:54:19',111),(73,1,-256.00000000,'2020-09-17 02:00:39','2020-09-17 02:00:39',88),(74,2,4.00000000,'2020-09-17 02:00:40','2020-09-17 02:00:40',88),(75,2,-4.00000000,'2020-09-17 02:00:40','2020-09-17 02:00:40',111),(76,1,220.00000000,'2020-09-17 02:00:40','2020-09-17 02:00:40',111),(77,1,-640.00000000,'2020-09-17 02:00:42','2020-09-17 02:00:42',88),(78,2,10.00000000,'2020-09-17 02:00:43','2020-09-17 02:00:43',88),(79,2,-10.00000000,'2020-09-17 02:00:43','2020-09-17 02:00:43',111),(80,1,550.00000000,'2020-09-17 02:00:43','2020-09-17 02:00:43',111),(81,1,-640.00000000,'2020-09-17 02:00:45','2020-09-17 02:00:45',88),(82,2,10.00000000,'2020-09-17 02:00:45','2020-09-17 02:00:45',88),(83,2,-10.00000000,'2020-09-17 02:00:46','2020-09-17 02:00:46',111),(84,1,550.00000000,'2020-09-17 02:00:46','2020-09-17 02:00:46',111),(85,1,-640.00000000,'2020-09-17 02:00:47','2020-09-17 02:00:47',88),(86,2,10.00000000,'2020-09-17 02:00:47','2020-09-17 02:00:47',88),(87,2,-10.00000000,'2020-09-17 02:00:48','2020-09-17 02:00:48',111),(88,1,550.00000000,'2020-09-17 02:00:49','2020-09-17 02:00:49',111),(89,1,-576.00000000,'2020-09-17 02:00:50','2020-09-17 02:00:50',88),(90,2,9.00000000,'2020-09-17 02:00:50','2020-09-17 02:00:50',88),(91,2,-9.00000000,'2020-09-17 02:00:50','2020-09-17 02:00:50',111),(92,1,495.00000000,'2020-09-17 02:00:50','2020-09-17 02:00:50',111),(93,1,-512.00000000,'2020-09-17 02:00:52','2020-09-17 02:00:52',88),(94,2,8.00000000,'2020-09-17 02:00:52','2020-09-17 02:00:52',88),(95,2,-8.00000000,'2020-09-17 02:00:53','2020-09-17 02:00:53',111),(96,1,440.00000000,'2020-09-17 02:00:53','2020-09-17 02:00:53',111),(97,1,-512.00000000,'2020-09-17 02:00:55','2020-09-17 02:00:55',88),(98,2,8.00000000,'2020-09-17 02:00:56','2020-09-17 02:00:56',88),(99,2,-8.00000000,'2020-09-17 02:00:56','2020-09-17 02:00:56',111),(100,1,440.00000000,'2020-09-17 02:00:57','2020-09-17 02:00:57',111),(101,1,-512.00000000,'2020-09-17 02:00:58','2020-09-17 02:00:58',88),(102,2,8.00000000,'2020-09-17 02:00:58','2020-09-17 02:00:58',88),(103,2,-8.00000000,'2020-09-17 02:00:59','2020-09-17 02:00:59',111),(104,1,440.00000000,'2020-09-17 02:00:59','2020-09-17 02:00:59',111),(105,1,-512.00000000,'2020-09-17 02:01:01','2020-09-17 02:01:01',88),(106,2,8.00000000,'2020-09-17 02:01:01','2020-09-17 02:01:01',88),(107,2,-8.00000000,'2020-09-17 02:01:02','2020-09-17 02:01:02',111),(108,1,440.00000000,'2020-09-17 02:01:02','2020-09-17 02:01:02',111),(109,1,-640.00000000,'2020-09-17 02:01:03','2020-09-17 02:01:03',88),(110,2,10.00000000,'2020-09-17 02:01:03','2020-09-17 02:01:03',88),(111,2,-10.00000000,'2020-09-17 02:01:03','2020-09-17 02:01:03',111),(112,1,550.00000000,'2020-09-17 02:01:03','2020-09-17 02:01:03',111),(113,1,-640.00000000,'2020-09-17 02:01:05','2020-09-17 02:01:05',88),(114,2,10.00000000,'2020-09-17 02:01:05','2020-09-17 02:01:05',88),(115,2,-10.00000000,'2020-09-17 02:01:06','2020-09-17 02:01:06',111),(116,1,550.00000000,'2020-09-17 02:01:06','2020-09-17 02:01:06',111),(117,1,-640.00000000,'2020-09-17 02:01:07','2020-09-17 02:01:07',88),(118,2,10.00000000,'2020-09-17 02:01:08','2020-09-17 02:01:08',88),(119,2,-10.00000000,'2020-09-17 02:01:08','2020-09-17 02:01:08',111),(120,1,550.00000000,'2020-09-17 02:01:09','2020-09-17 02:01:09',111),(121,1,-512.00000000,'2020-09-17 02:01:11','2020-09-17 02:01:11',88),(122,2,8.00000000,'2020-09-17 02:01:12','2020-09-17 02:01:12',88),(123,2,-8.00000000,'2020-09-17 02:01:12','2020-09-17 02:01:12',111),(124,1,440.00000000,'2020-09-17 02:01:13','2020-09-17 02:01:13',111),(125,1,-640.00000000,'2020-09-17 02:01:14','2020-09-17 02:01:14',88),(126,2,10.00000000,'2020-09-17 02:01:15','2020-09-17 02:01:15',88),(127,2,-10.00000000,'2020-09-17 02:01:15','2020-09-17 02:01:15',111),(128,1,550.00000000,'2020-09-17 02:01:15','2020-09-17 02:01:15',111),(129,1,-448.00000000,'2020-09-17 02:01:17','2020-09-17 02:01:17',88),(130,2,7.00000000,'2020-09-17 02:01:18','2020-09-17 02:01:18',88),(131,2,-7.00000000,'2020-09-17 02:01:18','2020-09-17 02:01:18',111),(132,1,385.00000000,'2020-09-17 02:01:18','2020-09-17 02:01:18',111),(133,1,1000.00000000,'2020-09-17 09:46:14','2020-09-17 09:46:14',112),(134,2,1000.00000000,'2020-09-17 09:46:14','2020-09-17 09:46:14',112),(135,3,1000.00000000,'2020-09-17 09:46:14','2020-09-17 09:46:14',112),(136,4,1000.00000000,'2020-09-17 09:46:15','2020-09-17 09:46:15',112),(137,1,1000.00000000,'2020-09-17 09:50:08','2020-09-17 09:50:08',113),(138,2,1000.00000000,'2020-09-17 09:50:08','2020-09-17 09:50:08',113),(139,3,1000.00000000,'2020-09-17 09:50:08','2020-09-17 09:50:08',113),(140,4,1000.00000000,'2020-09-17 09:50:08','2020-09-17 09:50:08',113),(141,1,1000.00000000,'2020-09-17 09:50:57','2020-09-17 09:50:57',114),(142,2,1000.00000000,'2020-09-17 09:50:57','2020-09-17 09:50:57',114),(143,3,1000.00000000,'2020-09-17 09:50:57','2020-09-17 09:50:57',114),(144,4,1000.00000000,'2020-09-17 09:50:57','2020-09-17 09:50:57',114);
/*!40000 ALTER TABLE `deposits` ENABLE KEYS */;
UNLOCK TABLES;

--
-- Table structure for table `sells`
--

DROP TABLE IF EXISTS `sells`;
/*!40101 SET @saved_cs_client     = @@character_set_client */;
/*!40101 SET character_set_client = utf8 */;
CREATE TABLE `sells` (
  `id` int(11) NOT NULL AUTO_INCREMENT,
  `amount` int(11) DEFAULT NULL,
  `fee` decimal(12,8) DEFAULT NULL,
  `confirm` tinyint(4) DEFAULT NULL,
  `currency_id` int(11) DEFAULT NULL,
  `user_id` int(11) DEFAULT NULL,
  `updated` datetime DEFAULT NULL,
  `created` datetime DEFAULT NULL,
  PRIMARY KEY (`id`),
  KEY `sells_users_id_fk` (`user_id`),
  CONSTRAINT `sells_users_id_fk` FOREIGN KEY (`user_id`) REFERENCES `users` (`id`)
) ENGINE=InnoDB AUTO_INCREMENT=60 DEFAULT CHARSET=utf8mb4 COLLATE=utf8mb4_0900_ai_ci;
/*!40101 SET character_set_client = @saved_cs_client */;

--
-- Dumping data for table `sells`
--

LOCK TABLES `sells` WRITE;
/*!40000 ALTER TABLE `sells` DISABLE KEYS */;
INSERT INTO `sells` (`id`, `amount`, `fee`, `confirm`, `currency_id`, `user_id`, `updated`, `created`) VALUES (33,2,77.00000000,NULL,2,111,'2020-09-17 01:48:51','2020-09-17 01:48:51'),(34,4,87.00000000,NULL,2,111,'2020-09-17 01:50:59','2020-09-17 01:50:59'),(35,43,87.00000000,NULL,2,111,'2020-09-17 01:51:06','2020-09-17 01:51:06'),(36,33,87.00000000,NULL,2,111,'2020-09-17 01:51:09','2020-09-17 01:51:09'),(37,34,87.00000000,NULL,2,111,'2020-09-17 01:51:11','2020-09-17 01:51:11'),(38,342,87.00000000,NULL,2,111,'2020-09-17 01:51:13','2020-09-17 01:51:13'),(39,342,79.00000000,NULL,2,111,'2020-09-17 01:51:21','2020-09-17 01:51:21'),(40,342,111.00000000,NULL,2,111,'2020-09-17 01:51:25','2020-09-17 01:51:25'),(41,222,111.00000000,NULL,2,111,'2020-09-17 01:51:27','2020-09-17 01:51:27'),(42,222,111.00000000,NULL,2,111,'2020-09-17 01:51:28','2020-09-17 01:51:28'),(43,222,111.00000000,NULL,2,111,'2020-09-17 01:51:29','2020-09-17 01:51:29'),(44,222,111.00000000,NULL,2,111,'2020-09-17 01:51:29','2020-09-17 01:51:29'),(45,222,111.00000000,NULL,2,111,'2020-09-17 01:51:30','2020-09-17 01:51:30'),(46,222,111.00000000,NULL,2,111,'2020-09-17 01:51:32','2020-09-17 01:51:32'),(47,222,111.00000000,NULL,2,111,'2020-09-17 01:51:34','2020-09-17 01:51:34'),(48,222,111.00000000,NULL,2,111,'2020-09-17 01:51:36','2020-09-17 01:51:36'),(49,222,111.00000000,NULL,2,111,'2020-09-17 01:54:09','2020-09-17 01:54:09'),(52,7,677.00000000,NULL,2,111,'2020-09-17 01:54:39','2020-09-17 01:54:39'),(53,44,444.00000000,NULL,2,111,'2020-09-17 01:54:58','2020-09-17 01:54:58'),(54,44,234.00000000,NULL,2,111,'2020-09-17 01:56:51','2020-09-17 01:56:51'),(55,44,234.00000000,NULL,2,111,'2020-09-17 01:57:22','2020-09-17 01:57:22'),(56,44,234.00000000,NULL,2,111,'2020-09-17 01:57:47','2020-09-17 01:57:47'),(57,55,55.00000000,NULL,2,111,'2020-09-17 02:00:38','2020-09-17 02:00:38'),(58,3,667.00000000,NULL,2,111,'2020-09-17 02:03:09','2020-09-17 02:03:09'),(59,11,7.00000000,NULL,3,111,'2020-09-17 04:01:24','2020-09-17 04:01:24');
/*!40000 ALTER TABLE `sells` ENABLE KEYS */;
UNLOCK TABLES;

--
-- Table structure for table `trade_history`
--

DROP TABLE IF EXISTS `trade_history`;
/*!40101 SET @saved_cs_client     = @@character_set_client */;
/*!40101 SET character_set_client = utf8 */;
CREATE TABLE `trade_history` (
  `id` int(11) NOT NULL AUTO_INCREMENT,
  `user_id` int(11) DEFAULT NULL,
  `buy_currency_id` int(11) DEFAULT NULL,
  `sell_currency_id` int(11) DEFAULT NULL,
  `buy_fee` decimal(12,8) DEFAULT NULL,
  `sell_fee` decimal(12,8) DEFAULT NULL,
  `amount` decimal(12,8) DEFAULT NULL,
  `updated` datetime DEFAULT NULL,
  `created` datetime DEFAULT NULL,
  PRIMARY KEY (`id`),
  KEY `trade_history_users_id_fk` (`user_id`),
  KEY `trade_history___fkc` (`buy_currency_id`),
  KEY `trade_history___fkb` (`sell_currency_id`),
  CONSTRAINT `trade_history___fkb` FOREIGN KEY (`sell_currency_id`) REFERENCES `currencies` (`id`),
  CONSTRAINT `trade_history___fkc` FOREIGN KEY (`buy_currency_id`) REFERENCES `currencies` (`id`),
  CONSTRAINT `trade_history_users_id_fk` FOREIGN KEY (`user_id`) REFERENCES `users` (`id`)
) ENGINE=InnoDB AUTO_INCREMENT=65 DEFAULT CHARSET=utf8mb4 COLLATE=utf8mb4_0900_ai_ci;
/*!40101 SET character_set_client = @saved_cs_client */;

--
-- Dumping data for table `trade_history`
--

LOCK TABLES `trade_history` WRITE;
/*!40000 ALTER TABLE `trade_history` DISABLE KEYS */;
INSERT INTO `trade_history` (`id`, `user_id`, `buy_currency_id`, `sell_currency_id`, `buy_fee`, `sell_fee`, `amount`, `updated`, `created`) VALUES (1,88,1,2,64.00000000,1.00000000,1.00000000,'2020-09-16 12:00:42','2020-09-16 12:00:42'),(2,NULL,1,2,64.00000000,1.00000000,1.00000000,'2020-09-16 12:00:50','2020-09-16 12:00:50'),(3,88,1,2,64.00000000,1.00000000,1.00000000,'2020-09-16 12:00:53','2020-09-16 12:00:53'),(4,NULL,1,2,64.00000000,1.00000000,1.00000000,'2020-09-16 12:00:53','2020-09-16 12:00:53'),(5,88,1,2,64.00000000,1.00000000,1.00000000,'2020-09-16 12:00:54','2020-09-16 12:00:54'),(6,NULL,1,2,64.00000000,1.00000000,1.00000000,'2020-09-16 12:00:54','2020-09-16 12:00:54'),(7,88,1,2,64.00000000,1.00000000,1.00000000,'2020-09-16 12:00:54','2020-09-16 12:00:54'),(8,NULL,1,2,64.00000000,1.00000000,1.00000000,'2020-09-16 12:00:54','2020-09-16 12:00:54'),(9,88,1,2,64.00000000,1.00000000,1.00000000,'2020-09-16 12:00:54','2020-09-16 12:00:54'),(10,NULL,1,2,64.00000000,1.00000000,1.00000000,'2020-09-16 12:00:54','2020-09-16 12:00:54'),(11,88,1,2,64.00000000,1.00000000,1.00000000,'2020-09-16 12:05:26','2020-09-16 12:05:26'),(12,NULL,1,2,64.00000000,1.00000000,1.00000000,'2020-09-16 12:05:26','2020-09-16 12:05:26'),(13,88,1,2,64.00000000,64.00000000,4.00000000,'2020-09-16 12:05:27','2020-09-16 12:05:27'),(14,88,1,2,64.00000000,64.00000000,4.00000000,'2020-09-16 12:05:27','2020-09-16 12:05:27'),(15,88,1,2,64.00000000,64.00000000,10.00000000,'2020-09-16 12:06:13','2020-09-16 12:06:13'),(16,88,1,2,64.00000000,64.00000000,10.00000000,'2020-09-16 12:06:13','2020-09-16 12:06:13'),(17,88,1,2,64.00000000,64.00000000,10.00000000,'2020-09-16 12:06:21','2020-09-16 12:06:21'),(18,88,1,2,64.00000000,64.00000000,10.00000000,'2020-09-16 12:06:21','2020-09-16 12:06:21'),(19,88,1,2,64.00000000,64.00000000,10.00000000,'2020-09-16 12:06:46','2020-09-16 12:06:46'),(20,88,1,2,64.00000000,64.00000000,10.00000000,'2020-09-16 12:06:46','2020-09-16 12:06:46'),(21,88,1,2,64.00000000,64.00000000,9.00000000,'2020-09-16 12:06:54','2020-09-16 12:06:54'),(22,88,1,2,64.00000000,64.00000000,9.00000000,'2020-09-16 12:06:54','2020-09-16 12:06:54'),(23,88,1,2,64.00000000,64.00000000,10.00000000,'2020-09-16 15:41:13','2020-09-16 15:41:13'),(24,88,1,2,64.00000000,64.00000000,10.00000000,'2020-09-16 15:41:13','2020-09-16 15:41:13'),(25,88,1,2,64.00000000,2.00000000,2.00000000,'2020-09-17 01:44:45','2020-09-17 01:44:45'),(26,111,1,2,64.00000000,2.00000000,2.00000000,'2020-09-17 01:44:47','2020-09-17 01:44:47'),(27,88,1,2,64.00000000,2.00000000,2.00000000,'2020-09-17 01:47:47','2020-09-17 01:47:47'),(28,111,1,2,64.00000000,2.00000000,2.00000000,'2020-09-17 01:47:47','2020-09-17 01:47:47'),(29,88,1,2,64.00000000,2.00000000,2.00000000,'2020-09-17 01:48:32','2020-09-17 01:48:32'),(30,111,1,2,64.00000000,2.00000000,2.00000000,'2020-09-17 01:48:32','2020-09-17 01:48:32'),(31,88,1,2,64.00000000,NULL,NULL,'2020-09-17 01:54:13','2020-09-17 01:54:13'),(32,111,1,2,64.00000000,NULL,NULL,'2020-09-17 01:54:13','2020-09-17 01:54:13'),(33,88,1,2,64.00000000,NULL,NULL,'2020-09-17 01:54:19','2020-09-17 01:54:19'),(34,111,1,2,64.00000000,NULL,NULL,'2020-09-17 01:54:20','2020-09-17 01:54:20'),(35,88,1,2,64.00000000,55.00000000,4.00000000,'2020-09-17 02:00:41','2020-09-17 02:00:41'),(36,111,1,2,64.00000000,55.00000000,4.00000000,'2020-09-17 02:00:41','2020-09-17 02:00:41'),(37,88,1,2,64.00000000,55.00000000,10.00000000,'2020-09-17 02:00:44','2020-09-17 02:00:44'),(38,111,1,2,64.00000000,55.00000000,10.00000000,'2020-09-17 02:00:44','2020-09-17 02:00:44'),(39,88,1,2,64.00000000,55.00000000,10.00000000,'2020-09-17 02:00:46','2020-09-17 02:00:46'),(40,111,1,2,64.00000000,55.00000000,10.00000000,'2020-09-17 02:00:46','2020-09-17 02:00:46'),(41,88,1,2,64.00000000,55.00000000,10.00000000,'2020-09-17 02:00:49','2020-09-17 02:00:49'),(42,111,1,2,64.00000000,55.00000000,10.00000000,'2020-09-17 02:00:49','2020-09-17 02:00:49'),(43,88,1,2,64.00000000,55.00000000,9.00000000,'2020-09-17 02:00:51','2020-09-17 02:00:51'),(44,111,1,2,64.00000000,55.00000000,9.00000000,'2020-09-17 02:00:51','2020-09-17 02:00:51'),(45,88,1,2,64.00000000,55.00000000,8.00000000,'2020-09-17 02:00:53','2020-09-17 02:00:53'),(46,111,1,2,64.00000000,55.00000000,8.00000000,'2020-09-17 02:00:53','2020-09-17 02:00:53'),(47,88,1,2,64.00000000,55.00000000,8.00000000,'2020-09-17 02:00:57','2020-09-17 02:00:57'),(48,111,1,2,64.00000000,55.00000000,8.00000000,'2020-09-17 02:00:57','2020-09-17 02:00:57'),(49,88,1,2,64.00000000,55.00000000,8.00000000,'2020-09-17 02:00:59','2020-09-17 02:00:59'),(50,111,1,2,64.00000000,55.00000000,8.00000000,'2020-09-17 02:01:00','2020-09-17 02:01:00'),(51,88,1,2,64.00000000,55.00000000,8.00000000,'2020-09-17 02:01:02','2020-09-17 02:01:02'),(52,111,1,2,64.00000000,55.00000000,8.00000000,'2020-09-17 02:01:02','2020-09-17 02:01:02'),(53,88,1,2,64.00000000,55.00000000,10.00000000,'2020-09-17 02:01:04','2020-09-17 02:01:04'),(54,111,1,2,64.00000000,55.00000000,10.00000000,'2020-09-17 02:01:04','2020-09-17 02:01:04'),(55,88,1,2,64.00000000,55.00000000,10.00000000,'2020-09-17 02:01:06','2020-09-17 02:01:06'),(56,111,1,2,64.00000000,55.00000000,10.00000000,'2020-09-17 02:01:07','2020-09-17 02:01:07'),(57,88,1,2,64.00000000,55.00000000,10.00000000,'2020-09-17 02:01:09','2020-09-17 02:01:09'),(58,111,1,2,64.00000000,55.00000000,10.00000000,'2020-09-17 02:01:09','2020-09-17 02:01:09'),(59,88,1,2,64.00000000,55.00000000,8.00000000,'2020-09-17 02:01:13','2020-09-17 02:01:13'),(60,111,1,2,64.00000000,55.00000000,8.00000000,'2020-09-17 02:01:14','2020-09-17 02:01:14'),(61,88,1,2,64.00000000,55.00000000,10.00000000,'2020-09-17 02:01:16','2020-09-17 02:01:16'),(62,111,1,2,64.00000000,55.00000000,10.00000000,'2020-09-17 02:01:16','2020-09-17 02:01:16'),(63,88,1,2,64.00000000,55.00000000,7.00000000,'2020-09-17 02:01:19','2020-09-17 02:01:19'),(64,111,1,2,64.00000000,55.00000000,7.00000000,'2020-09-17 02:01:19','2020-09-17 02:01:19');
/*!40000 ALTER TABLE `trade_history` ENABLE KEYS */;
UNLOCK TABLES;

--
-- Table structure for table `users`
--

DROP TABLE IF EXISTS `users`;
/*!40101 SET @saved_cs_client     = @@character_set_client */;
/*!40101 SET character_set_client = utf8 */;
CREATE TABLE `users` (
  `id` int(11) NOT NULL AUTO_INCREMENT,
  `name` varchar(255) DEFAULT NULL,
  `email` varchar(255) DEFAULT NULL,
  `password` varchar(255) DEFAULT NULL,
  `mobile` varchar(32) DEFAULT NULL,
  `created` datetime DEFAULT NULL,
  `updated` datetime DEFAULT NULL,
  PRIMARY KEY (`id`),
  UNIQUE KEY `users_pk` (`email`),
  UNIQUE KEY `users_pk_2` (`mobile`)
) ENGINE=InnoDB AUTO_INCREMENT=115 DEFAULT CHARSET=utf8mb4 COLLATE=utf8mb4_0900_ai_ci;
/*!40101 SET character_set_client = @saved_cs_client */;

--
-- Dumping data for table `users`
--

LOCK TABLES `users` WRITE;
/*!40000 ALTER TABLE `users` DISABLE KEYS */;
INSERT INTO `users` (`id`, `name`, `email`, `password`, `mobile`, `created`, `updated`) VALUES (87,'ehsan','ehsasn@gmail.com','123','09125126491','2020-09-15 15:10:50','2020-09-15 15:10:50'),(88,'ehsan','ehsan3@gmail.com','202cb962ac59075b964b07152d234b70','09125126493','2020-09-15 15:13:03','2020-09-15 15:13:03'),(89,'ehsan','ehsan@gmail.com','eyJ0eXAiOiJKV1QiLCJhbGciOiJIUzI1NiJ9.eyJ1c2VyX2lkIjoiMTIzIn0.w7PpX6w0gaZCjCZe2Q_WpTDOqZtcz8ZY0pxnYiLiq_c','09125126494','2020-09-15 15:34:36','2020-09-15 15:34:36'),(90,'ehsan','ehsan5@gmail.com','e5c0e7bdf92a83d312baa7ba18af2bc4','09125126495','2020-09-16 13:05:25','2020-09-16 13:05:25'),(91,'ehsan','ehsan6@gmail.com','e5c0e7bdf92a83d312baa7ba18af2bc4','09125126496','2020-09-16 13:07:01','2020-09-16 13:07:01'),(92,'ehsan','ehsan7@gmail.com','e5c0e7bdf92a83d312baa7ba18af2bc4','09125126497','2020-09-16 13:08:05','2020-09-16 13:08:05'),(93,'ehsan','ehsan8@gmail.com','e5c0e7bdf92a83d312baa7ba18af2bc4','09125126498','2020-09-16 13:08:22','2020-09-16 13:08:22'),(94,'ehsan','ehsan10@gmail.com','c3c1b9b249652e8333e359b9788ce4b6','123','2020-09-16 20:02:01','2020-09-16 20:02:01'),(95,'ehsan','ehsan11@gmail.com','c3c1b9b249652e8333e359b9788ce4b6','1232','2020-09-16 20:03:33','2020-09-16 20:03:33'),(96,'ehsan','ehsan17@gmail.com','c3c1b9b249652e8333e359b9788ce4b6','123452332','2020-09-16 20:29:22','2020-09-16 20:29:22'),(97,'ehsan','ehsan18@gmail.com','c3c1b9b249652e8333e359b9788ce4b6','1234523323','2020-09-16 20:30:05','2020-09-16 20:30:05'),(98,'ehsan','ehsan20@gmail.com','c3c1b9b249652e8333e359b9788ce4b6','12341','2020-09-16 20:44:07','2020-09-16 20:44:07'),(99,'ehsan','ehsan21@gmail.com','c3c1b9b249652e8333e359b9788ce4b6','1234562','2020-09-16 20:44:59','2020-09-16 20:44:59'),(100,'ehsan','ehsan22@gmail.com','c3c1b9b249652e8333e359b9788ce4b6','1234564','2020-09-16 20:45:26','2020-09-16 20:45:26'),(101,'ehsan','ehsan102@gmail.com','c3c1b9b249652e8333e359b9788ce4b6','32424','2020-09-16 21:23:16','2020-09-16 21:23:16'),(102,'ehsan','ehsan1033@gmail.com','c3c1b9b249652e8333e359b9788ce4b6','123455327','2020-09-16 21:26:09','2020-09-16 21:26:09'),(103,'ehdsan','ehsan11230@gmail.com','c3c1b9b249652e8333e359b9788ce4b6','12344uut','2020-09-16 21:28:01','2020-09-16 21:28:01'),(104,'ehsan','ehsan1220@gmail.com','c3c1b9b249652e8333e359b9788ce4b6','1234562344','2020-09-16 21:36:09','2020-09-16 21:36:09'),(105,'ehsan','ehsan12220@gmail.com','c3c1b9b249652e8333e359b9788ce4b6','12345622344','2020-09-16 21:36:57','2020-09-16 21:36:57'),(106,'ehsan','ehsan1232110@gmail.com','c3c1b9b249652e8333e359b9788ce4b6','1234563433222','2020-09-16 21:37:34','2020-09-16 21:37:34'),(107,'ehn','ehsa32en10@gmail.com','c3c1b9b249652e8333e359b9788ce4b6','1245445','2020-09-16 21:38:39','2020-09-16 21:38:39'),(108,'ehsan','ehsan.hsnzd@gmail.com','c3c1b9b249652e8333e359b9788ce4b6','09125126492','2020-09-16 21:39:31','2020-09-16 21:39:31'),(109,'eee','ehsan60@gmail.com','c3c1b9b249652e8333e359b9788ce4b6','1237652','2020-09-16 21:56:39','2020-09-16 21:56:39'),(110,'ehsan','e@gmail.com','202cb962ac59075b964b07152d234b70','0011','2020-09-16 22:03:08','2020-09-16 22:03:08'),(111,'Ehsan32434232 Hosseinzadeh','ehs23e233ed23@gmail.com','202cb962ac59075b964b07152d234b70','3243424r43','2020-09-17 00:15:41','2020-09-17 03:29:39'),(112,'ehsan','ehsan4534@gmail.com','202cb962ac59075b964b07152d234b70','2123474575','2020-09-17 09:46:14','2020-09-17 09:46:14'),(113,'ehsan','ehsan1as21d0@gmail.com','202cb962ac59075b964b07152d234b70','123123','2020-09-17 09:50:08','2020-09-17 09:50:08'),(114,'ehsan','ehsan777@gmail.com','202cb962ac59075b964b07152d234b70','1242357344','2020-09-17 09:50:57','2020-09-17 09:50:57');
/*!40000 ALTER TABLE `users` ENABLE KEYS */;
UNLOCK TABLES;
/*!40103 SET TIME_ZONE=@OLD_TIME_ZONE */;

/*!40101 SET SQL_MODE=@OLD_SQL_MODE */;
/*!40014 SET FOREIGN_KEY_CHECKS=@OLD_FOREIGN_KEY_CHECKS */;
/*!40014 SET UNIQUE_CHECKS=@OLD_UNIQUE_CHECKS */;
/*!40101 SET CHARACTER_SET_CLIENT=@OLD_CHARACTER_SET_CLIENT */;
/*!40101 SET CHARACTER_SET_RESULTS=@OLD_CHARACTER_SET_RESULTS */;
/*!40101 SET COLLATION_CONNECTION=@OLD_COLLATION_CONNECTION */;
/*!40111 SET SQL_NOTES=@OLD_SQL_NOTES */;

-- Dump completed on 2020-09-17 15:14:35
